Name,Type,County,Official_URL
Asotin County,County,Asotin County,https://www.asotincountywa.gov/
Benton County,County,Benton County,https://www.bentoncountywa.gov/
Chelan County,County,Chelan County,https://www.co.chelan.wa.us/
Clallam County,County,Clallam County,https://www.clallamcountywa.gov/
Clark County,County,Clark County,https://clark.wa.gov/
Columbia County,County,Columbia County,https://www.columbiaco.com/
Cowlitz County,County,Cowlitz County,https://www.co.cowlitz.wa.us/
Douglas County,County,Douglas County,https://www.douglascountywa.net/
Ferry County,County,Ferry County,https://www.ferry-county.com/
Franklin County,County,Franklin County,https://www.franklincountywa.gov/
Adams County,County,Adams County,https://www.co.adams.wa.gov/
Wahkiakum County,County,Wahkiakum County,https://www.co.wahkiakum.wa.us/
Garfield County,County,Garfield County,https://www.garfieldcountywa.gov/
Grays Harbor County,County,Grays Harbor County,https://www.graysharbor.us/
Island County,County,Island County,https://www.islandcountywa.gov/
Jefferson County,County,Jefferson County,https://www.co.jefferson.wa.us/
King County,County,King County,https://kingcounty.gov/
Kitsap County,County,Kitsap County,https://www.kitsap.gov/
Kittitas County,County,Kittitas County,https://www.co.kittitas.wa.us/
Klickitat County,County,Klickitat County,https://www.klickitatcounty.gov/
Lewis County,County,Lewis County,https://lewiscountywa.gov/
Grant County,County,Grant County,https://www.grantcountywa.gov/
Lincoln County,County,Lincoln County,https://www.lincolncountywa.com/
Mason County,County,Mason County,https://www.masoncountywa.gov/
Okanogan County,County,Okanogan County,https://www.okanogancounty.org/
Pacific County,County,Pacific County,https://www.co.pacific.wa.us/
Pend Oreille County,County,Pend Oreille County,https://www.pendoreille.gov/
Pierce County,County,Pierce County,https://www.piercecountywa.gov/
San Juan County,County,San Juan County,https://www.sanjuancountywa.gov/
Skagit County,County,Skagit County,https://www.skagitcounty.net/Departments/Home
Skamania County,County,Skamania County,https://www.skamaniacounty.org/
Snohomish County,County,Snohomish County,https://snohomishcountywa.gov/
Spokane County,County,Spokane County,https://www.spokanecounty.gov/
Stevens County,County,Stevens County,https://www.stevenscountywa.gov/
Thurston County,County,Thurston County,https://www.thurstoncountywa.gov/
Walla Walla County,County,Walla Walla County,https://www.wwcowa.gov/
Whatcom County,County,Whatcom County,https://www.whatcomcounty.us/
Whitman County,County,Whitman County,https://www.whitmancounty.gov/
Yakima County,County,Yakima County,https://www.yakimacounty.us/
