ID,Name,Official_URL,CivicWeb_Links,Granicus_Links
aberdeen,Aberdeen,https://www.aberdeenwa.gov/,[],[]
algona,Algona,https://www.algonawa.gov/,[],[]
anacortes,Anacortes,https://www.anacorteswa.gov/,[],[]
arlington,Arlington,https://www.arlingtonwa.gov/,[],[]
auburn,Auburn,https://www.auburnwa.gov/,[],[]
bainbridgeisland,Bainbridge Island,https://www.bainbridgewa.gov/,[],[]
battleground,Battle Ground,https://www.cityofbg.org/,[],[]
beauxartsvillage,Beaux Arts Village,https://www.beauxarts-wa.gov/,[],[]
bellevue,Bellevue,https://bellevuewa.gov/,[],[]
bingen,Bingen,https://www.bingenwashington.org/,[],[]
blackdiamond,Black Diamond,https://www.blackdiamondwa.gov/,[],[]
blaine,Blaine,https://www.ci.blaine.wa.us/,[],[]
bonneylake,Bonney Lake,https://www.ci.bonney-lake.wa.us/,[],[]
bothell,Bothell,https://www.bothellwa.gov/,[],[]
bremerton,Bremerton,https://www.bremertonwa.gov/,[],[]
brewster,Brewster,https://www.cityofbrewsterwashington.org/,[],[]
bridgeport,Bridgeport,https://bridgeportwashington.net/,[],[]
brier,Brier,http://www.ci.brier.wa.us/,[],[]
buckley,Buckley,https://www.cityofbuckley.com/,[],[]
bucoda,Bucoda,https://www.bucoda.us/,[],[]
burien,Burien,https://www.burienwa.gov/,[],[]
burlington,Burlington,https://burlingtonwa.gov/,[],[]
camas,Camas,https://www.cityofcamas.us/,[],[]
carbonado,Carbonado,https://www.carbonado.org/,[],[]
carnation,Carnation,https://www.carnationwa.gov/,[],[]
castlerock,Castle Rock,https://ci.castle-rock.wa.us/,[],[]
cathlamet,Cathlamet,https://www.townofcathlamet.com/,[],[]
centralia,Centralia,https://www.cityofcentralia.com/,[],[]
chelan,Chelan,https://cityofchelan.gov,[],[]
cheney,Cheney,https://www.cityofcheney.org/,[],[]
chewelah,Chewelah,https://www.cityofchewelah.org/,[],[]
clarkston,Clarkston,https://clarkston-wa.com/,[],[]
cleelum,Cle Elum,https://cleelum.gov/,[],[]
clydehill,Clyde Hill,https://www.clydehill.org/,['https://clydehill.civicweb.net/portal/'],[]
colfax,Colfax,https://www.colfaxwa.org/,[],[]
collegeplace,College Place,https://www.cpwa.us/,[],[]
colton,Colton,http://www.coltonwashington.us/,[],[]
conconully,Conconully,http://townofconconully.com/,[],[]
concrete,Concrete,https://www.townofconcrete.com/,[],[]
connell,Connell,https://www.cityofconnell.com/,[],[]
cosmopolis,Cosmopolis,https://www.cosmopoliswa.gov/,[],[]
couleecity,Coulee City,https://couleecitywa.org/,[],[]
couleedam,Coulee Dam,https://townofcouleedam.org/,[],[]
coupeville,Coupeville,https://townofcoupeville.org/,[],[]
covington,Covington,https://www.covingtonwa.gov/,[],[]
darrington,Darrington,https://townofdarrington.com/,[],[]
davenport,Davenport,https://www.davenportwa.us/,[],[]
dayton,Dayton,https://www.daytonwa.com/,[],[]
deerpark,Deer Park,https://www.cityofdeerparkwa.com/,[],[]
desmoines,Des Moines,https://www.desmoineswa.gov/,['https://desmoines.civicweb.net/Portal/CitizenEngagement.aspx'],[]
dupont,DuPont,https://www.dupontwa.gov/,['https://dupont.civicweb.net/filepro/documents/29422/'],[]
duvall,Duvall,https://www.duvallwa.gov/,[],[]
eastwenatchee,East Wenatchee,https://www.eastwenatcheewa.gov/,[],[]
eatonville,Eatonville,https://eatonville-wa.gov/,[],[]
edgewood,Edgewood,https://www.cityofedgewood.org/,[],[]
edmonds,Edmonds,https://www.edmondswa.gov/,[],[]
electriccity,Electric City,https://www.electriccity.us/,[],[]
ellensburg,Ellensburg,https://ci.ellensburg.wa.us/,[],[]
endicott,Endicott,https://endicottwa.wordpress.com/,[],[]
entiat,Entiat,https://www.entiatwa.us/,[],[]
enumclaw,Enumclaw,https://www.cityofenumclaw.net/,[],[]
ephrata,Ephrata,https://www.ephrata.org/,[],[]
everett,Everett,https://everettwa.gov/,[],[]
everson,Everson,https://www.ci.everson.wa.us/,['https://cieversonwa.civicweb.net/Portal/'],[]
fairfield,Fairfield,https://fairfieldwa.com/,[],[]
farmington,Farmington,https://farmingtonwa.com/,[],[]
federalway,Federal Way,https://www.federalwaywa.gov/,[],[]
ferndale,Ferndale,https://www.cityofferndale.org/,"['https://ferndale.civicweb.net/filepro/documents/5378/', 'https://ferndale.civicweb.net/filepro/documents/']",[]
fife,Fife,https://www.fifewa.gov/,[],[]
fircrest,Fircrest,https://www.cityoffircrest.net/,[],[]
forks,Forks,https://forkswashington.org/,[],[]
fridayharbor,Friday Harbor,http://www.fridayharbor.org/,[],[]
george,George,http://www.cityofgeorge.org/,[],[]
gigharbor,Gig Harbor,https://www.gigharborwa.gov/,[],[]
goldbar,Gold Bar,https://cityofgoldbar.us/,[],[]
goldendale,Goldendale,https://www.ci.goldendale.wa.us/,[],[]
grandcoulee,Grand Coulee,https://gccitywa.org/,[],[]
grandview,Grandview,https://www.grandview.wa.us/,[],[]
granger,Granger,https://www.grangerwashington.org/,[],[]
granitefalls,Granite Falls,https://ci.granite-falls.wa.us/,[],[]
hamilton,Hamilton,https://www.townofhamiltonwa.com/,[],[]
hoquiam,Hoquiam,https://cityofhoquiam.com/,[],[]
huntspoint,Hunts Point,https://huntspoint-wa.gov/,[],[]
ilwaco,Ilwaco,https://ilwaco-wa.gov/,[],[]
issaquah,Issaquah,https://www.issaquahwa.gov/,[],[]
kalama,Kalama,https://www.cityofkalama.com/,[],[]
kelso,Kelso,https://www.kelso.gov/,[],[]
kennewick,Kennewick,https://www.go2kennewick.com/,[],[]
kettlefalls,Kettle Falls,https://www.cityofkettlefalls.org/,[],[]
kittitas,Kittitas,http://www.cityofkittitas.com/,[],[]
lacenter,La Center,https://ci.lacenter.wa.us/,"['https://lacenter.civicweb.net/Portal/', 'https://lacenter.civicweb.net/Portal/MeetingTypeList.aspx', 'https://lacenter.civicweb.net/Portal/Subscribe.aspx']",[]
laconner,La Conner,https://www.townoflaconner.org/,[],[]
lacey,Lacey,https://cityoflacey.org/,[],[]
lacrosse,LaCrosse,https://www.lacrossewa.us/,[],[]
lakeforestpark,Lake Forest Park,https://www.cityoflfp.gov/,[],[]
lakestevens,Lake Stevens,https://www.lakestevenswa.gov/,[],[]
lakewood,Lakewood,https://cityoflakewood.us/,[],[]
langley,Langley,https://www.langleywa.org/,[],[]
libertylake,Liberty Lake,https://www.libertylakewa.gov/,[],[]
longview,Longview,https://www.mylongview.com/,[],[]
lyman,Lyman,https://townoflyman.com/,[],[]
lynden,Lynden,https://www.lyndenwa.org/,[],[]
malden,Malden,https://maldenwaorg.wordpress.com/,[],[]
mansfield,Mansfield,https://townofmansfield.net/,[],[]
maplevalley,Maple Valley,https://www.maplevalleywa.gov/,[],[]
marysville,Marysville,https://marysvillewa.gov/,[],[]
mattawa,Mattawa,https://www.cityofmattawa.com/,[],[]
mccleary,McCleary,https://www.cityofmccleary.com/,[],[]
medina,Medina,https://www.medina-wa.gov/,[],[]
mercerisland,Mercer Island,https://www.mercerisland.gov/,[],[]
millcreek,Mill Creek,https://millcreekwa.gov/,[],[]
milton,Milton,https://www.cityofmilton.net/,[],[]
monroe,Monroe,https://www.monroewa.gov/,['https://monroewa.civicweb.net/Portal/MeetingTypeList.aspx'],[]
montesano,Montesano,https://cityofmontesano.com/,[],[]
morton,Morton,https://www.visitmorton.com/,[],[]
moseslake,Moses Lake,https://www.cityofml.com/,[],[]
mossyrock,Mossyrock,https://www.cityofmossyrock.com/,[],[]
mountvernon,Mount Vernon,https://www.mountvernonwa.gov/,[],[]
mountlaketerrace,Mountlake Terrace,https://www.cityofmlt.com/,[],[]
moxee,Moxee,https://cityofmoxee.us/,[],[]
mukilteo,Mukilteo,https://mukilteowa.gov/,[],[]
naches,Naches,https://townofnaches.com/,[],[]
napavine,Napavine,https://www.cityofnapavine.com/,[],[]
newcastle,Newcastle,https://www.newcastlewa.gov/,['https://newcastle.civicweb.net/filepro/documents/'],[]
newport,Newport,https://newport-wa.org/,[],[]
nooksack,Nooksack,http://www.cityofnooksack.com/,[],[]
normandypark,Normandy Park,https://normandyparkwa.gov/,"['https://normandypark.civicweb.net/filepro/document/55169/Arts%20and%20Parks%20Sponsorship%20Donation%20Form-22%20FILLABLE.pdf', 'https://normandypark.civicweb.net/filepro/document/55174/Public%20Records%20Request-22%20FILLABLE.pdf', 'https://normandypark.civicweb.net/filepro/documents/229', 'https://normandypark.civicweb.net/filepro/documents/360', 'https://normandypark.civicweb.net/filepro/documents/37371']",[]
northbend,North Bend,https://northbendwa.gov/,[],[]
northbonneville,North Bonneville,https://northbonneville.net/,[],[]
oakharbor,Oak Harbor,https://www.oakharbor.gov/,[],[]
oceanshores,Ocean Shores,https://www.osgov.com/,"['https://oceanshores.civicweb.net/filepro/documents/86143', 'https://oceanshores.civicweb.net/filepro/documents/58354?preview=58355', 'https://oceanshores.civicweb.net/filepro/documents/86143/', 'https://oceanshores.civicweb.net/filepro/documents/60782', 'https://oceanshores.civicweb.net/filepro/documents/57343', 'https://oceanshores.civicweb.net/filepro/documents/2402', 'https://oceanshores.civicweb.net/filepro/documents/']",[]
odessa,Odessa,https://odessawa.org/,[],[]
olympia,Olympia,https://www.olympiawa.gov/,[],['https://olympia.legistar.com/Calendar.aspx']
omak,Omak,https://www.omakcity.com/,[],[]
oroville,Oroville,https://oroville-wa.com/,[],[]
othello,Othello,https://www.othellowa.gov/,[],[]
pacific,Pacific,https://www.pacificwa.gov/,[],[]
palouse,Palouse,https://www.palousewa.gov/,[],[]
pasco,Pasco,https://www.pasco-wa.gov/,['https://pasco.civicweb.net/Portal'],[]
pateros,Pateros,https://www.pateros.com/,[],[]
peell,Pe Ell,https://www.townofpeell.com/,[],[]
pomeroy,Pomeroy,https://www.cityofpomeroy1.com/,[],[]
portangeles,Port Angeles,https://www.cityofpa.us/,[],[]
portorchard,Port Orchard,https://portorchardwa.gov/,[],[]
porttownsend,Port Townsend,https://cityofpt.us/,[],[]
poulsbo,Poulsbo,https://cityofpoulsbo.com/,[],[]
prosser,Prosser,https://cityofprosser.com/,['https://cityofprosser.civicweb.net/Portal/MeetingTypeList.aspx'],[]
pullman,Pullman,https://www.pullman-wa.gov/,[],[]
puyallup,Puyallup,https://www.puyallupwa.gov/,[],[]
quincy,Quincy,https://www.quincywashington.us/,['https://quincy.civicweb.net/filepro/documents/'],[]
rainier,Rainier,https://www.cityofrainierwa.org/,[],[]
raymond,Raymond,https://cityofraymond.com/,[],[]
redmond,Redmond,https://www.redmond.gov/,[],[]
republic,Republic,https://www.cityofrepublic.org/,[],[]
ridgefield,Ridgefield,https://ridgefieldwa.us/,[],[]
ritzville,Ritzville,https://www.cityofritzville.com/,[],[]
rockford,Rockford,https://www.rockfordwa.com/,[],[]
rosalia,Rosalia,https://townofrosalia.net/,[],[]
roslyn,Roslyn,https://www.ci.roslyn.wa.us/,[],[]
roy,Roy,https://cityofroywa.us/,[],[]
royalcity,Royal City,https://www.royalcitywa.org/,[],[]
ruston,Ruston,https://www.rustonwa.org/,[],[]
sammamish,Sammamish,https://www.sammamish.us/,"['https://sammamishwa.civicweb.net/Portal/MeetingTypeList.aspx', 'https://sammamishwa.civicweb.net/portal/', 'https://sammamishwa.civicweb.net/filepro/documents/']",[]
sedrowoolley,Sedro-Woolley,https://www.sedro-woolley.gov/,[],[]
selah,Selah,https://selahwa.gov,[],[]
sequim,Sequim,https://www.sequimwa.gov/,[],[]
shelton,Shelton,https://www.sheltonwa.gov/,[],[]
skykomish,Skykomish,https://skykomishwa.gov/,[],[]
snohomish,Snohomish,https://www.snohomishwa.gov/,[],[]
snoqualmie,Snoqualmie,https://www.snoqualmiewa.gov/,[],[]
soaplake,Soap Lake,https://www.soaplakewa.gov,[],[]
southbend,South Bend,https://southbend-wa.gov/,[],[]
southprairie,South Prairie,https://www.townofsp.com/,[],[]
spokanevalley,Spokane Valley,https://www.spokanevalleywa.gov/,[],[]
sprague,Sprague,https://sprague-wa.us/,[],[]
stjohn,St. John,https://www.stjohnwa.com/,[],[]
stanwood,Stanwood,https://stanwoodwa.org/,[],[]
steilacoom,Steilacoom,https://townofsteilacoom.org/,[],[]
stevenson,Stevenson,https://www.ci.stevenson.wa.us/,[],[]
sultan,Sultan,https://www.sultanwa.gov/,[],[]
sumas,Sumas,https://www.cityofsumas.com/,[],[]
sumner,Sumner,https://sumnerwa.gov/,[],[]
tacoma,Tacoma,https://tacoma.gov/,[],[]
tekoa,Tekoa,https://www.tekoawa.com/,[],[]
toledo,Toledo,https://toledowa.us/,[],[]
tukwila,Tukwila,https://www.tukwilawa.gov/,[],[]
twisp,Twisp,https://www.townoftwisp.com/,[],[]
uniongap,Union Gap,https://uniongapwa.gov/,[],[]
uniontown,Uniontown,https://uniontownwa.org/,[],[]
universityplace,University Place,https://www.cityofup.com/,[],[]
vader,Vader,https://www.vaderwa.org/,[],[]
vancouver,Vancouver,https://www.cityofvancouver.us/,[],[]
waitsburg,Waitsburg,https://www.cityofwaitsburg.com/,[],[]
wapato,Wapato,https://wapato-city.org/,[],[]
warden,Warden,https://cityofwarden.org/,[],[]
washougal,Washougal,https://www.cityofwashougal.us/,[],[]
washtucna,Washtucna,https://washtucna.org/,[],[]
westrichland,West Richland,https://www.westrichland.org/,[],[]
westport,Westport,https://www.ci.westport.wa.us/,[],[]
whitesalmon,White Salmon,https://www.whitesalmonwa.gov/,[],[]
wilbur,Wilbur,https://www.wilburwa.gov/,[],[]
wilkeson,Wilkeson,https://www.townofwilkeson.com/,[],[]
wilsoncreek,Wilson Creek,http://www.wilsoncreekwa.com/,[],[]
winlock,Winlock,https://cityofwinlock.com/,[],[]
winthrop,Winthrop,http://www.townofwinthrop.com/,[],[]
woodinville,Woodinville,https://www.ci.woodinville.wa.us/,[],[]
woodway,Woodway,https://www.townofwoodway.com/,[],[]
yacolt,Yacolt,https://www.townofyacolt.com/,[],[]
yakima,Yakima,https://www.yakimawa.gov/,[],[]
yarrowpoint,Yarrow Point,https://yarrowpointwa.gov/,[],[]
yelm,Yelm,https://www.yelmwa.gov/,[],[]
zillah,Zillah,https://www.cityofzillah.us/,[],[]
asotincounty,Asotin County,https://www.asotincountywa.gov/,[],[]
bentoncounty,Benton County,https://www.bentoncountywa.gov/,[],[]
chelancounty,Chelan County,https://www.co.chelan.wa.us/,[],[]
clallamcounty,Clallam County,https://www.clallamcountywa.gov/,[],[]
clarkcounty,Clark County,https://clark.wa.gov/,[],[]
columbiacounty,Columbia County,https://www.columbiaco.com/,[],[]
cowlitzcounty,Cowlitz County,https://www.co.cowlitz.wa.us/,[],[]
douglascounty,Douglas County,https://www.douglascountywa.net/,[],[]
ferrycounty,Ferry County,https://www.ferry-county.com/,[],[]
franklincounty,Franklin County,https://www.franklincountywa.gov/,[],[]
adamscounty,Adams County,https://www.co.adams.wa.gov/,[],[]
wahkiakumcounty,Wahkiakum County,https://www.co.wahkiakum.wa.us/,[],[]
graysharborcounty,Grays Harbor County,https://www.graysharbor.us/,[],[]
islandcounty,Island County,https://www.islandcountywa.gov/,[],[]
jeffersoncounty,Jefferson County,https://www.co.jefferson.wa.us/,[],[]
kingcounty,King County,https://kingcounty.gov/,[],[]
kitsapcounty,Kitsap County,https://www.kitsap.gov/,[],[]
kittitascounty,Kittitas County,https://www.co.kittitas.wa.us/,[],[]
klickitatcounty,Klickitat County,https://www.klickitatcounty.gov/,[],[]
lewiscounty,Lewis County,https://lewiscountywa.gov/,[],[]
grantcounty,Grant County,https://www.grantcountywa.gov/,[],[]
lincolncounty,Lincoln County,https://www.lincolncountywa.com/,[],[]
masoncounty,Mason County,https://www.masoncountywa.gov/,[],[]
okanogancounty,Okanogan County,https://www.okanogancounty.org/,[],[]
pacificcounty,Pacific County,https://www.co.pacific.wa.us/,[],[]
pendoreillecounty,Pend Oreille County,https://www.pendoreille.gov/,[],[]
sanjuancounty,San Juan County,https://www.sanjuancountywa.gov/,[],[]
skagitcounty,Skagit County,https://www.skagitcounty.net/Departments/Home,[],[]
snohomishcounty,Snohomish County,https://snohomishcountywa.gov/,[],[]
spokanecounty,Spokane County,https://www.spokanecounty.gov/,[],[]
thurstoncounty,Thurston County,https://www.thurstoncountywa.gov/,[],[]
wallawallacounty,Walla Walla County,https://www.wwcowa.gov/,[],[]
whatcomcounty,Whatcom County,https://www.whatcomcounty.us/,[],['https://whatcom.legistar.com/Calendar.aspx']
whitmancounty,Whitman County,https://www.whitmancounty.gov/,[],[]
yakimacounty,Yakima County,https://www.yakimacounty.us/,[],[]
